Dataset,Method,Seed,ARI,NMI,AMI,Homogeneity,V-measure,Silhouette
10x_human_lymph_node_A1,Method 1,13,0.2211537865946688,0.35956376262448264,0.3555969446113651,0.42156771718968983,0.35956376262448264,0.08978725762668012
10x_human_lymph_node_A1,Method 1,2560,0.22703325887908102,0.3641461616278484,0.3602039947013376,0.42652944962225464,0.3641461616278484,0.09549354964679478
10x_human_lymph_node_A1,Method 1,641,0.21477960369946353,0.35712943722600093,0.35315031372602695,0.41901041283701,0.357129437226001,0.08974250164153118
10x_human_lymph_node_A1,Method 1,1892,0.24823331068842436,0.37275009608635273,0.36883134862342476,0.4332630089923371,0.3727500960863527,0.09893019631164948
10x_human_lymph_node_A1,Method 1,1173,0.2463348758974663,0.36892922901539565,0.3649879168320114,0.4289750545439288,0.3689292290153956,0.0967813703842936
10x_human_lymph_node_A1,Method 1,69,0.24593864240787675,0.3723289750509286,0.36841161866725536,0.4332145615354872,0.37232897505092866,0.10496404650198682
10x_human_lymph_node_A1,Method 1,2024,0.23048745097441753,0.3683116169455677,0.3643925535693898,0.43110172053265094,0.36831161694556774,0.09769667096478228
10x_human_lymph_node_A1,Method 1,231,0.2445209908152662,0.37169038361479545,0.3677656793215547,0.4320993123060712,0.37169038361479545,0.10094249736318688
10x_human_lymph_node_A1,Method 1,1971,0.2333362267284638,0.36872509269326653,0.36479922533030307,0.4305635197970682,0.36872509269326653,0.09192678899298976
10x_human_lymph_node_A1,Method 1,2497,0.22524042909489875,0.3709344227536542,0.36703593654765587,0.43466496048538283,0.3709344227536542,0.09174812373142742
10x_human_lymph_node_A1,Method 1,338,0.2371263701470914,0.3665880824464397,0.3626404777997948,0.4271405228242778,0.36658808244643976,0.09798499292571924
10x_human_lymph_node_A1,Method 1,3127,0.237925632472743,0.3744595317598481,0.3705768577811501,0.43810550358661265,0.37445953175984803,0.10571696317408724
10x_human_lymph_node_A1,Method 1,2001,0.24202205634577756,0.36761126602026933,0.36366577763989505,0.42788415934156837,0.3676112660202694,0.09566598808948035
10x_human_lymph_node_A1,Method 1,2022,0.22638589825402367,0.3708104836017307,0.36690996440512286,0.43437484659129477,0.3708104836017307,0.0922829835151673
10x_human_lymph_node_A1,Method 1,574,0.2509732958636393,0.3736817291937227,0.36977005517314443,0.43448335765141666,0.3736817291937228,0.10484319125307573
10x_human_lymph_node_A1,Method 1,2428,0.24812404011400707,0.3723309508214412,0.36841054182040883,0.4328775969426587,0.37233095082144124,0.1048896612214054
10x_human_lymph_node_A1,Method 1,999,0.21886800789159036,0.36641054893677893,0.3624864360747268,0.4296265482221259,0.366410548936779,0.08603107592680767
10x_human_lymph_node_A1,Method 1,1187,0.22301367437271769,0.3684480827562199,0.36453129081766,0.43142158423628946,0.3684480827562199,0.08809562823483316
10x_human_lymph_node_A1,Method 1,42,0.22935526917415192,0.366245969329618,0.3623138139233274,0.4286572401343368,0.36624596932961806,0.10041731358972295
10x_human_lymph_node_A1,Method 1,3999,0.25249587882341457,0.3744004029703854,0.37049213690505806,0.43519545111034175,0.37440040297038546,0.10509014830033583
10x_human_lymph_node_A1,Method 2,13,0.2336159120523584,0.3675933535971373,0.36364632036713496,0.4276911531114844,0.3675933535971373,0.06473000115109616
10x_human_lymph_node_A1,Method 2,2560,0.22735815598999,0.3715064557433153,0.3675835758271543,0.4321916654347493,0.37150645574331526,0.059954946886666964
10x_human_lymph_node_A1,Method 2,641,0.22849376873993266,0.36359740108778593,0.35963019521323086,0.423561112254406,0.3635974010877859,0.06427023489303516
10x_human_lymph_node_A1,Method 2,1892,0.224478364706168,0.3649129601332468,0.36096667353881307,0.42645134872812235,0.3649129601332468,0.06684305503819597
10x_human_lymph_node_A1,Method 2,1173,0.22265887366755446,0.3647955371761946,0.3608443120039636,0.4258494629555939,0.36479553717619456,0.06372233508188344
10x_human_lymph_node_A1,Method 2,69,0.23765254735574953,0.36753510099755926,0.3635826847390465,0.42708148191067186,0.36753510099755926,0.066268954181399
10x_human_lymph_node_A1,Method 2,2024,0.21942343772439757,0.36602065091084846,0.3620834943548764,0.42798622221240407,0.36602065091084846,0.06304236386463057
10x_human_lymph_node_A1,Method 2,231,0.21888150777463566,0.3632124630870065,0.35925430679478504,0.42431472249105917,0.3632124630870065,0.06085452882015137
10x_human_lymph_node_A1,Method 2,1971,0.2193790220611339,0.36696436659581577,0.36303297191083916,0.42908230550410903,0.36696436659581577,0.0629134657359084
10x_human_lymph_node_A1,Method 2,2497,0.2555795660790249,0.3807259618482225,0.3767890572396791,0.4344693611421893,0.38072596184822244,0.06129647199404194
10x_human_lymph_node_A1,Method 2,338,0.21802950070762936,0.3642562545430412,0.3603089492555257,0.42600884683103635,0.3642562545430412,0.062290240690552105
10x_human_lymph_node_A1,Method 2,3127,0.24567295939047978,0.37795068722686204,0.37400648768585426,0.4323756354632205,0.37795068722686204,0.05568513451380739
10x_human_lymph_node_A1,Method 2,2001,0.21970640743536698,0.36833215471256164,0.36441153399691273,0.43093832659682824,0.36833215471256164,0.06111581839383807
10x_human_lymph_node_A1,Method 2,2022,0.21580275114492983,0.36504157774603063,0.36110290341976586,0.42734727174514087,0.36504157774603063,0.06083284923827202
10x_human_lymph_node_A1,Method 2,574,0.24280421612896289,0.36919090250275255,0.36524311664502507,0.4283913755388759,0.3691909025027525,0.06666439945483459
10x_human_lymph_node_A1,Method 2,2428,0.2338169732693649,0.3710398437355926,0.3671299151217053,0.43341375430105106,0.3710398437355926,0.07085622340895671
10x_human_lymph_node_A1,Method 2,999,0.23280625885094294,0.36824266783059273,0.3642911202569766,0.4275082831986227,0.36824266783059273,0.06109132492869921
10x_human_lymph_node_A1,Method 2,1187,0.22354918411820274,0.3671893150904506,0.36325363616824696,0.4287095264332089,0.3671893150904506,0.06386900665002146
10x_human_lymph_node_A1,Method 2,42,0.22309784807097977,0.36437106064127145,0.36041856946253426,0.4255022074514916,0.36437106064127145,0.06558557826243583
10x_human_lymph_node_A1,Method 2,3999,0.21165844410589793,0.3624097717930456,0.3584568952504692,0.42450234646661267,0.3624097717930456,0.059094619358412724
10x_human_lymph_node_A1,Method 3,13,0.252226108548764,0.37652869893755425,0.37255687561420375,0.4288288645530521,0.37652869893755436,0.0011976572720507402
10x_human_lymph_node_A1,Method 3,2560,0.2416765650555724,0.38348109754784987,0.37954620804754535,0.4352698247811064,0.38348109754784987,0.0016701561313718812
10x_human_lymph_node_A1,Method 3,641,0.22491124819616298,0.37070275467902086,0.36676639653663734,0.4302500692876661,0.3707027546790208,0.0021676296168324184
10x_human_lymph_node_A1,Method 3,1892,0.22939352826318488,0.381555083686151,0.3776020201528322,0.4330727381952786,0.381555083686151,0.000981016984385783
10x_human_lymph_node_A1,Method 3,1173,0.2406683298827302,0.36918631061168145,0.3651598717828016,0.419662509353221,0.36918631061168145,0.0011754139158194564
10x_human_lymph_node_A1,Method 3,69,0.24886792042162947,0.37947417772735825,0.37547932580594146,0.42745483632843295,0.3794741777273583,-0.003989999226310278
10x_human_lymph_node_A1,Method 3,2024,0.21182122446626594,0.3612549058966777,0.35727056901022103,0.42045108055845926,0.3612549058966777,0.0022560902292637548
10x_human_lymph_node_A1,Method 3,231,0.2538057510573104,0.37892538979958934,0.3749145826171949,0.4251824602939192,0.37892538979958934,-0.004029666966048056
10x_human_lymph_node_A1,Method 3,1971,0.22077878641886683,0.36994735846851184,0.36598265915000705,0.42672874767711255,0.36994735846851184,0.002425837444084162
10x_human_lymph_node_A1,Method 3,2497,0.22264769394523823,0.36771345460301835,0.3636872613428768,0.41849560551749176,0.36771345460301835,-0.0039024672942062585
10x_human_lymph_node_A1,Method 3,338,0.23645498269250417,0.3793488283269474,0.375452450507434,0.4386101880347766,0.37934882832694744,0.0020584461874482525
10x_human_lymph_node_A1,Method 3,3127,0.2322818237938066,0.37030305606489217,0.3663415227996139,0.42721870276539786,0.37030305606489217,0.0021672140566372164
10x_human_lymph_node_A1,Method 3,2001,0.24118379012500793,0.37306458860681513,0.3690261725581458,0.4200432012784931,0.37306458860681513,-0.003329608991541456
10x_human_lymph_node_A1,Method 3,2022,0.24689690496897732,0.3687603273032893,0.3646816864341516,0.41408559009628676,0.3687603273032893,-0.0036409373751901813
10x_human_lymph_node_A1,Method 3,574,0.22223335657475546,0.3612415791421054,0.3572392772887139,0.4185601831139996,0.3612415791421055,0.0027641672741846716
10x_human_lymph_node_A1,Method 3,2428,0.219036569479619,0.3600530762844424,0.35603956154286553,0.41677437842336695,0.3600530762844424,0.002681192453884365
10x_human_lymph_node_A1,Method 3,999,0.2215304240554405,0.365974224339512,0.3619845394740451,0.42216120560605,0.365974224339512,0.0022646186916683063
10x_human_lymph_node_A1,Method 3,1187,0.2306015148506664,0.3698014315518583,0.36575940561051984,0.41735699741755433,0.3698014315518583,-0.004926733268002447
10x_human_lymph_node_A1,Method 3,42,0.20899792349168567,0.3599887283717518,0.3559521948997907,0.41432973981656535,0.3599887283717518,0.001918324997666668
10x_human_lymph_node_A1,Method 3,3999,0.2329088950755209,0.36672740987937436,0.36269052257127316,0.41669116517834187,0.3667274098793743,-0.004369775318454625
10x_human_lymph_node_D1,Method 1,13,0.1594509981648808,0.322939758007061,0.31760145481490093,0.3884956724521006,0.32293975800706093,0.08191215198871994
10x_human_lymph_node_D1,Method 1,2560,0.15919908700805288,0.3204716839189978,0.3151125295489041,0.38541277073897223,0.32047168391899783,0.07946429121829991
10x_human_lymph_node_D1,Method 1,641,0.1585944745267256,0.32469790270271087,0.31937821392705906,0.39097798136556167,0.32469790270271087,0.08122226305162299
10x_human_lymph_node_D1,Method 1,1892,0.1524956766965063,0.32035521972464487,0.3150004930596488,0.38571696236420977,0.32035521972464487,0.08535717316439215
10x_human_lymph_node_D1,Method 1,1173,0.16657565844213945,0.32989866385681277,0.3246186469416699,0.3971731542328924,0.32989866385681277,0.08306704310289927
10x_human_lymph_node_D1,Method 1,69,0.15795581991790641,0.3184009713102541,0.3130254534044903,0.382925530185981,0.3184009713102541,0.07898604661261617
10x_human_lymph_node_D1,Method 1,2024,0.15414550453237416,0.32035188959255007,0.31499315525567695,0.38541248970672154,0.32035188959255007,0.08045786561088925
10x_human_lymph_node_D1,Method 1,231,0.16697026144322263,0.3260936164796843,0.3207766636725372,0.39201019897620837,0.32609361647968427,0.07830735817630839
10x_human_lymph_node_D1,Method 1,1971,0.15798457789628365,0.3239959427280429,0.3186711836680229,0.39018002314538575,0.3239959427280429,0.08197382052677538
10x_human_lymph_node_D1,Method 1,2497,0.15921266845682314,0.3265570425221723,0.3212526402887046,0.3933174641459421,0.3265570425221723,0.08390315485565697
10x_human_lymph_node_D1,Method 1,338,0.15080952789430307,0.3218401300243797,0.31649857523477865,0.38764462188893234,0.3218401300243798,0.08289797102679487
10x_human_lymph_node_D1,Method 1,3127,0.15050019306804002,0.3163599638501422,0.3109757790952532,0.3810615486276862,0.3163599638501422,0.08284077263383664
10x_human_lymph_node_D1,Method 1,2001,0.15985006444670152,0.32053520612310926,0.3151789479022502,0.38565691485479614,0.3205352061231092,0.0806982940908141
10x_human_lymph_node_D1,Method 1,2022,0.15155306554779757,0.32014257706665855,0.31478693721311873,0.3855034174058694,0.32014257706665855,0.08395783567270439
10x_human_lymph_node_D1,Method 1,574,0.16375022116859095,0.3269696502614172,0.32166551202721944,0.39353822244167197,0.3269696502614172,0.07925321766930284
10x_human_lymph_node_D1,Method 1,2428,0.15960100077593978,0.320316670094027,0.31495544558225014,0.38513194075538404,0.32031667009402703,0.08090274987702888
10x_human_lymph_node_D1,Method 1,999,0.16178263562052903,0.3282423184000415,0.3229492526163202,0.395161801548066,0.3282423184000414,0.08293130659576374
10x_human_lymph_node_D1,Method 1,1187,0.1587314423082513,0.3273565822235109,0.32205795740246157,0.39421294607162655,0.3273565822235109,0.0838282057001172
10x_human_lymph_node_D1,Method 1,42,0.15848192235919792,0.31998456572602046,0.31462032220414227,0.3847194307596386,0.31998456572602046,0.07876760607088275
10x_human_lymph_node_D1,Method 1,3999,0.15574193874821243,0.3221930733099948,0.31685489595706884,0.3880927661975313,0.3221930733099948,0.08039125664896427
10x_human_lymph_node_D1,Method 2,13,0.16618912320821186,0.3311665217345625,0.3258900583509366,0.39807491216991575,0.33116652173456257,0.057292363629221035
10x_human_lymph_node_D1,Method 2,2560,0.16267673446769618,0.33039267102097847,0.32511017637063566,0.39712289356979175,0.33039267102097847,0.05748860138052823
10x_human_lymph_node_D1,Method 2,641,0.1585804930032538,0.32532429633994553,0.3200023648393679,0.39105646051617154,0.3253242963399455,0.0554587322930277
10x_human_lymph_node_D1,Method 2,1892,0.17096058148524285,0.32541532975211307,0.3200718833024954,0.38953065388206937,0.325415329752113,0.05271035808448826
10x_human_lymph_node_D1,Method 2,1173,0.16118430474041076,0.3224212169398005,0.31707652005283077,0.3876201486684806,0.32242121693980047,0.05270902288034559
10x_human_lymph_node_D1,Method 2,69,0.16194781199336028,0.3231432354357541,0.317798665572532,0.3880231616318138,0.3231432354357541,0.055047264006621854
10x_human_lymph_node_D1,Method 2,2024,0.1659315057415205,0.3322802096816125,0.3270142584031358,0.399556359960776,0.33228020968161254,0.057423903612185544
10x_human_lymph_node_D1,Method 2,231,0.1653342790694923,0.33119302609652124,0.3259158118310346,0.39800775949914136,0.33119302609652124,0.05773984957797171
10x_human_lymph_node_D1,Method 2,1971,0.17757960113413943,0.32900107147751356,0.32368138451870737,0.39336371784634855,0.32900107147751356,0.0483198955804562
10x_human_lymph_node_D1,Method 2,2497,0.16540403379019483,0.3301028541396113,0.3248186807685074,0.3968599645152526,0.33010285413961127,0.058115892202616586
10x_human_lymph_node_D1,Method 2,338,0.16619542031781226,0.3282306130789828,0.3229250696668553,0.39405059291835665,0.3282306130789828,0.051189200735417606
10x_human_lymph_node_D1,Method 2,3127,0.1671241268278011,0.328131144998569,0.32282536347794205,0.3940275694855223,0.32813114499856894,0.05283662486561055
10x_human_lymph_node_D1,Method 2,2001,0.16150472708230468,0.3272553195668505,0.3219477157687019,0.39334341386454913,0.3272553195668505,0.054562293758789876
10x_human_lymph_node_D1,Method 2,2022,0.15414227790997936,0.3224135786356608,0.31707389128695285,0.3879761666845715,0.3224135786356608,0.05624653393043825
10x_human_lymph_node_D1,Method 2,574,0.16370149754461788,0.3306715829077628,0.32539244500971726,0.3975428684673168,0.3306715829077628,0.056786188373780015
10x_human_lymph_node_D1,Method 2,2428,0.17312311492878016,0.3282952239028711,0.32298246708654227,0.3935290038497463,0.3282952239028711,0.053467197246912804
10x_human_lymph_node_D1,Method 2,999,0.15818028167908574,0.32665153349817594,0.3213450708576285,0.39306278492463737,0.32665153349817594,0.05646863946041635
10x_human_lymph_node_D1,Method 2,1187,0.1599112506174522,0.3279353535253832,0.3226337861553829,0.3942247266147219,0.3279353535253833,0.05919078748923847
10x_human_lymph_node_D1,Method 2,42,0.16429751750282504,0.3310926476083192,0.3258180087154301,0.39815818621512555,0.3310926476083192,0.055901481042234503
10x_human_lymph_node_D1,Method 2,3999,0.16453047821692546,0.32935279238885756,0.32406294663159285,0.3959592615426236,0.3293527923888576,0.058643573284065866
10x_human_lymph_node_D1,Method 3,13,0.15403616640374737,0.31067438250342916,0.30517465448491593,0.368772255092644,0.31067438250342916,0.001982013888697422
10x_human_lymph_node_D1,Method 3,2560,0.14364189884096218,0.30848575326076616,0.30297166612579823,0.36495333637683464,0.30848575326076616,0.0029339724318582414
10x_human_lymph_node_D1,Method 3,641,0.13862910687277788,0.30058482187741686,0.2950548763837268,0.3603534147413002,0.3005848218774169,0.0026757607109443725
10x_human_lymph_node_D1,Method 3,1892,0.14884319087554077,0.29760317525178026,0.29200748890434075,0.35380122268694536,0.29760317525178026,0.003761595303276743
10x_human_lymph_node_D1,Method 3,1173,0.13245460529070274,0.29642804789543126,0.2908619249214509,0.35526227233665186,0.29642804789543137,0.004186557873654248
10x_human_lymph_node_D1,Method 3,69,0.1352143334748288,0.29632814552586473,0.2907437007348412,0.35306991503383905,0.29632814552586473,0.0005908038155463662
10x_human_lymph_node_D1,Method 3,2024,0.14433073612827607,0.30798318385092077,0.30250843988851966,0.3687497158583653,0.30798318385092077,0.002165230752071721
10x_human_lymph_node_D1,Method 3,231,0.14156688405925125,0.3012182439482113,0.2956898029945608,0.3609559651086256,0.3012182439482113,0.003937632499241228
10x_human_lymph_node_D1,Method 3,1971,0.1577518160827963,0.30390039675611785,0.2983575896117756,0.3616921935430322,0.30390039675611796,0.003230098528059335
10x_human_lymph_node_D1,Method 3,2497,0.13254711512898704,0.3002080607965842,0.29468036891735466,0.3601612807292375,0.3002080607965842,0.002086238031553175
10x_human_lymph_node_D1,Method 3,338,0.14197388552555862,0.3069808282118456,0.3014965644475473,0.36769672033937817,0.30698082821184564,0.0029200881304722614
10x_human_lymph_node_D1,Method 3,3127,0.15428469494700545,0.29994265982666624,0.2943611901717393,0.35623463678059686,0.29994265982666624,0.003771048840465983
10x_human_lymph_node_D1,Method 3,2001,0.1373387597266424,0.29288503896698276,0.2872927081136281,0.3509901628323177,0.29288503896698276,0.004163217466629792
10x_human_lymph_node_D1,Method 3,2022,0.134061284444102,0.29618548899069685,0.2906145350711389,0.35451970076342093,0.2961854889906968,0.002679443427207494
10x_human_lymph_node_D1,Method 3,574,0.14712873415915168,0.29920304089663297,0.2936353482335936,0.35601985401896563,0.29920304089663297,0.00043398321848275607
10x_human_lymph_node_D1,Method 3,2428,0.13789552969339317,0.2909202424339668,0.2853041540229366,0.3479677176161114,0.2909202424339668,0.0034435409315134047
10x_human_lymph_node_D1,Method 3,999,0.14160108073326957,0.29893772973941884,0.29338550850635525,0.3574719430096607,0.2989377297394188,0.003030359706140856
10x_human_lymph_node_D1,Method 3,1187,0.15585314362727684,0.31541860715862075,0.3099952985584668,0.37722804946591393,0.3154186071586207,0.0037568259454132447
10x_human_lymph_node_D1,Method 3,42,0.12978431865530202,0.29122646085872345,0.2856208519619547,0.34915869154318135,0.29122646085872345,0.003677630513030527
10x_human_lymph_node_D1,Method 3,3999,0.12004697124219059,0.27987531688344214,0.2741689151955635,0.3342628320772545,0.27987531688344214,0.002997323295353491
Mouse_Brain_E11_S1,Method 1,13,0.3393654912235217,0.471649484498686,0.4657642387341658,0.5579137402743911,0.471649484498686,0.11869472197307426
Mouse_Brain_E11_S1,Method 1,2560,0.3383324265336496,0.47477349368366956,0.46896440286173435,0.5678814578228063,0.47477349368366956,0.12109645813979603
Mouse_Brain_E11_S1,Method 1,641,0.3419782664390922,0.4769811925273611,0.4711506737716555,0.563695111988603,0.47698119252736104,0.125280765447904
Mouse_Brain_E11_S1,Method 1,1892,0.3460932271189794,0.48134879007829384,0.47556740632659156,0.5687161628094922,0.4813487900782938,0.12075023987821522
Mouse_Brain_E11_S1,Method 1,1173,0.33436728551037437,0.4752600775548684,0.46941735478661684,0.5625735711948203,0.4752600775548684,0.12007674904455658
Mouse_Brain_E11_S1,Method 1,69,0.32056028675621345,0.4724292632840125,0.46654967378251294,0.5585325873101519,0.4724292632840125,0.12172486601754119
Mouse_Brain_E11_S1,Method 1,2024,0.320727416749419,0.47281074269850903,0.4669844680236565,0.565854550368625,0.4728107426985091,0.11532536271770433
Mouse_Brain_E11_S1,Method 1,231,0.33802720975212464,0.47423304968995084,0.4683681781383074,0.559673315362472,0.4742330496899508,0.1260791899934429
Mouse_Brain_E11_S1,Method 1,1971,0.3405913136628467,0.47345626167303423,0.46759915273370983,0.561610398305238,0.4734562616730342,0.12446248879723332
Mouse_Brain_E11_S1,Method 1,2497,0.34011961171296357,0.4772415828561287,0.4714286888822315,0.5663402639416826,0.4772415828561287,0.12195585632101143
Mouse_Brain_E11_S1,Method 1,338,0.30884431251271616,0.47116021421662635,0.4653058593395492,0.5625881306754494,0.47116021421662635,0.11524522721920652
Mouse_Brain_E11_S1,Method 1,3127,0.31686197733517374,0.46560256912312775,0.4596535403020876,0.5515566295470552,0.4656025691231278,0.12022176968765196
Mouse_Brain_E11_S1,Method 1,2001,0.32809537280129936,0.4706233056735061,0.4647281491768447,0.5572462848132942,0.4706233056735061,0.12369992550836527
Mouse_Brain_E11_S1,Method 1,2022,0.30549099887680675,0.45367698632585274,0.44764792554790955,0.5440108340914956,0.45367698632585274,0.11810147449971373
Mouse_Brain_E11_S1,Method 1,574,0.3415494811773498,0.47160866307731175,0.46571978721696494,0.5575125262314572,0.4716086630773117,0.12570233460433228
Mouse_Brain_E11_S1,Method 1,2428,0.34871572818479674,0.48335974647176744,0.4776029210432378,0.5715241884206185,0.4833597464717675,0.12425098044553318
Mouse_Brain_E11_S1,Method 1,999,0.3360749404940022,0.47316498924162365,0.4672998763594851,0.5604008527006795,0.4731649892416236,0.12461313551353846
Mouse_Brain_E11_S1,Method 1,1187,0.33385644433224837,0.4727396929612378,0.46686614781261565,0.5593266711166082,0.47273969296123775,0.12434361954040514
Mouse_Brain_E11_S1,Method 1,42,0.30413729407454315,0.4653475280244962,0.4594214971476022,0.5548280256679022,0.4653475280244962,0.11926705176239083
Mouse_Brain_E11_S1,Method 1,3999,0.3332921991205231,0.4691178699309967,0.46321220138664737,0.5562995963587369,0.46911786993099663,0.12261101350914401
Mouse_Brain_E11_S1,Method 2,13,0.2914093037826727,0.4336409971610079,0.4273922056602307,0.5205953769732484,0.4336409971610079,0.10479845684395378
Mouse_Brain_E11_S1,Method 2,2560,0.3098826266575356,0.4680577393037135,0.462109216110649,0.5507838632630576,0.4680577393037135,0.12297183346537091
Mouse_Brain_E11_S1,Method 2,641,0.33364023908624596,0.46799673263390346,0.46207195751211005,0.5539305122676308,0.46799673263390346,0.12853429189403415
Mouse_Brain_E11_S1,Method 2,1892,0.3380553032897679,0.4681175722509454,0.4621899528138643,0.5534420412526286,0.4681175722509454,0.11579411158787188
Mouse_Brain_E11_S1,Method 2,1173,0.31257362603455024,0.4691823132080402,0.4632590484556218,0.5537084871556379,0.46918231320804016,0.1250546746807672
Mouse_Brain_E11_S1,Method 2,69,0.32152086893285964,0.46570945646568435,0.4597594782772027,0.5514075915494305,0.4657094564656843,0.124094406882165
Mouse_Brain_E11_S1,Method 2,2024,0.3310540552791622,0.47050027867164645,0.46460195540267835,0.5568472342029352,0.47050027867164645,0.12876870820447453
Mouse_Brain_E11_S1,Method 2,231,0.30830585643666203,0.465473384820398,0.45950420840929895,0.5490001207646718,0.465473384820398,0.12359604832610942
Mouse_Brain_E11_S1,Method 2,1971,0.30749083723486,0.4669563304604703,0.4609930369539914,0.5492094130736979,0.46695633046047025,0.12096699341434479
Mouse_Brain_E11_S1,Method 2,2497,0.3082656949417702,0.4626920432369977,0.45668546295487356,0.5446821797334277,0.4626920432369977,0.12415736794053853
Mouse_Brain_E11_S1,Method 2,338,0.3058175827104385,0.464419339026804,0.4584886025804747,0.5543186475683144,0.464419339026804,0.12077600598195447
Mouse_Brain_E11_S1,Method 2,3127,0.3141390586578478,0.46376129316170595,0.4577683924728954,0.5466311897433305,0.463761293161706,0.12482593178848529
Mouse_Brain_E11_S1,Method 2,2001,0.34263580887026757,0.47091526987379767,0.4650166028442881,0.5563762760477644,0.47091526987379767,0.12812356317267312
Mouse_Brain_E11_S1,Method 2,2022,0.30924662026898025,0.46765589373305433,0.461715472002322,0.5519966984819035,0.4676558937330544,0.12224075142508703
Mouse_Brain_E11_S1,Method 2,574,0.3108110575310677,0.4681540334416405,0.46219846141691723,0.5496388431343848,0.46815403344164047,0.12533858664908548
Mouse_Brain_E11_S1,Method 2,2428,0.30772744400031005,0.4691155976562807,0.463247122354031,0.5613129851372451,0.46911559765628075,0.11901241720896073
Mouse_Brain_E11_S1,Method 2,999,0.31517674245828214,0.4638576143658473,0.4578814985808641,0.5483662918409485,0.4638576143658473,0.1239131245749345
Mouse_Brain_E11_S1,Method 2,1187,0.31173967029201927,0.46857433439383195,0.46264142712986195,0.5525238874284061,0.46857433439383195,0.12220702800433854
Mouse_Brain_E11_S1,Method 2,42,0.3048802473353862,0.46578581363477384,0.4598647892298871,0.555318513589287,0.4657858136347739,0.11912618199508486
Mouse_Brain_E11_S1,Method 2,3999,0.3101809674009773,0.46057029923674725,0.454587944633254,0.5489283570157432,0.46057029923674725,0.12182245206331499
Mouse_Brain_E11_S1,Method 3,13,0.38796277886363845,0.5289182330864833,0.5237109522548029,0.6333600126687614,0.5289182330864833,0.02088845534949088
Mouse_Brain_E11_S1,Method 3,2560,0.45783447260843024,0.5329583200778644,0.5277064608661494,0.6236690818736363,0.5329583200778645,0.008092016472012391
Mouse_Brain_E11_S1,Method 3,641,0.32679861107990915,0.4793960615387298,0.4736611886578226,0.5773055521778485,0.4793960615387298,0.012845663838534072
Mouse_Brain_E11_S1,Method 3,1892,0.39296132390363125,0.5125058859829091,0.5071217856009165,0.6149804352487986,0.5125058859829091,0.014165547065994549
Mouse_Brain_E11_S1,Method 3,1173,0.36595309876557347,0.4920882599246918,0.48644742161945154,0.5855451749626096,0.4920882599246917,0.012660147980743008
Mouse_Brain_E11_S1,Method 3,69,0.3145828236990156,0.47299602517416944,0.4671645890207665,0.5660920236846174,0.47299602517416944,0.014529555521219687
Mouse_Brain_E11_S1,Method 3,2024,0.38197003871157803,0.5258044592172999,0.5205755076901523,0.6319781441696594,0.5258044592172999,0.018817837585841497
Mouse_Brain_E11_S1,Method 3,231,0.396675733268163,0.5260991117525521,0.520872341074153,0.6322892702090003,0.5260991117525521,0.02178798647337106
Mouse_Brain_E11_S1,Method 3,1971,0.4094938988249355,0.5212145477843232,0.5159190381585939,0.6240862834674238,0.5212145477843232,0.016623131195873546
Mouse_Brain_E11_S1,Method 3,2497,0.347023081075657,0.5040480823614307,0.4985834278929837,0.6067905941331133,0.5040480823614308,0.012428487800919581
Mouse_Brain_E11_S1,Method 3,338,0.41612721976801376,0.5371632787926804,0.5320093208377389,0.6368247802646207,0.5371632787926803,0.02127349353901096
Mouse_Brain_E11_S1,Method 3,3127,0.4145151709556944,0.5149151871882126,0.5095559828271964,0.6175729044540561,0.5149151871882125,0.01750939022020098
Mouse_Brain_E11_S1,Method 3,2001,0.3938851020656054,0.5279128673042464,0.5227118221171126,0.6355874122154013,0.5279128673042462,0.01887484644872615
Mouse_Brain_E11_S1,Method 3,2022,0.42663149689541807,0.5408797183311616,0.5357588723351344,0.6397295760534255,0.5408797183311617,0.014944410397246985
Mouse_Brain_E11_S1,Method 3,574,0.457603810856014,0.528878163265276,0.5235923582347503,0.6191924784098921,0.5288781632652761,0.008707926205690192
Mouse_Brain_E11_S1,Method 3,2428,0.3794774135495728,0.5218009200141819,0.516541805264525,0.629792005734963,0.5218009200141819,0.014791044626567527
Mouse_Brain_E11_S1,Method 3,999,0.3586179400460798,0.5111912539274728,0.5058276330033461,0.6188686549570683,0.5111912539274728,0.017457287272797637
Mouse_Brain_E11_S1,Method 3,1187,0.33949066816749146,0.4980168864032508,0.49245583490752487,0.5945097648819252,0.49801688640325087,0.01580500208634005
Mouse_Brain_E11_S1,Method 3,42,0.32374375559526014,0.49018765466019115,0.48458430469274216,0.5921052974647465,0.49018765466019115,0.012096348429526326
Mouse_Brain_E11_S1,Method 3,3999,0.3856278374958001,0.5432283589143603,0.5381687726123824,0.6484800735973969,0.5432283589143603,0.02115976129401829
Mouse_Brain_E13_S1,Method 1,13,0.09264292303359495,0.23392556143403348,0.22141941976418,0.29010896569328376,0.23392556143403348,0.037301624267366405
Mouse_Brain_E13_S1,Method 1,2560,0.09263848289745151,0.2486663090293989,0.2363218890928092,0.3052366488514642,0.2486663090293989,0.03581193101750997
Mouse_Brain_E13_S1,Method 1,641,0.09227296064969344,0.26183596332204356,0.24970458379625918,0.32119767004419203,0.2618359633220435,0.03696180261464843
Mouse_Brain_E13_S1,Method 1,1892,0.10933519374905078,0.2660181677803197,0.2540103412357677,0.32876066223471495,0.2660181677803197,0.03774322544973268
Mouse_Brain_E13_S1,Method 1,1173,0.09208074973574536,0.24692700562479367,0.23461049207438459,0.30547258775403896,0.24692700562479364,0.03714917152735439
Mouse_Brain_E13_S1,Method 1,69,0.09874924922548876,0.25482490770580274,0.24266123487498514,0.3161874817083257,0.25482490770580263,0.036397889420220327
Mouse_Brain_E13_S1,Method 1,2024,0.10133162278473054,0.2651899247659355,0.25318007080083466,0.3283353468349856,0.2651899247659355,0.040998827268211566
Mouse_Brain_E13_S1,Method 1,231,0.10891753827420185,0.2720742697972125,0.2601816376579327,0.33708438996779927,0.2720742697972125,0.04068853658858705
Mouse_Brain_E13_S1,Method 1,1971,0.09874940604199639,0.27310644420274566,0.2611993327739363,0.336953210932044,0.27310644420274566,0.04215082955120424
Mouse_Brain_E13_S1,Method 1,2497,0.09531251943354675,0.24756738192856467,0.2352958565046362,0.30759229774507013,0.24756738192856467,0.036815089184085985
Mouse_Brain_E13_S1,Method 1,338,0.09775984680607941,0.2612814331180157,0.24924290271554825,0.32506161948863505,0.2612814331180157,0.03430850412316684
Mouse_Brain_E13_S1,Method 1,3127,0.10404509310849383,0.2677683735243396,0.25580277331705803,0.33158636649179646,0.2677683735243395,0.03746128415724498
Mouse_Brain_E13_S1,Method 1,2001,0.10461841139795444,0.26686033936452874,0.2548471401904411,0.32909819763889453,0.26686033936452874,0.04916406851101113
Mouse_Brain_E13_S1,Method 1,2022,0.08980119752648118,0.2435954716175538,0.2311763036392109,0.2995374983040786,0.2435954716175538,0.05052799298100324
Mouse_Brain_E13_S1,Method 1,574,0.10329759243104976,0.26099002378982145,0.24889587126561352,0.3224868471926957,0.26099002378982145,0.04294797192966568
Mouse_Brain_E13_S1,Method 1,2428,0.07980073329675673,0.23589655513747887,0.22338701392849414,0.2913963161398279,0.23589655513747887,0.03878014979739106
Mouse_Brain_E13_S1,Method 1,999,0.09245387803728433,0.2671203496749707,0.25504114762804864,0.32640758333960596,0.2671203496749707,0.0484739570682124
Mouse_Brain_E13_S1,Method 1,1187,0.09786744143051908,0.2706196208553504,0.2586651256702032,0.33340695981414065,0.2706196208553504,0.04363332007795315
Mouse_Brain_E13_S1,Method 1,42,0.09563398575048512,0.2613887255612212,0.24928465182705692,0.32222121061688325,0.2613887255612212,0.042629655732717785
Mouse_Brain_E13_S1,Method 1,3999,0.0966035377179282,0.24519095694717996,0.23284444926863296,0.3030348053491341,0.24519095694717996,0.038397040170867786
Mouse_Brain_E13_S1,Method 2,13,0.09905716146871678,0.2677759191537672,0.2557812776616463,0.3304662682398479,0.2677759191537672,0.03924740603007877
Mouse_Brain_E13_S1,Method 2,2560,0.09455271854278768,0.25001611277363966,0.23772986118159437,0.30842878363643,0.25001611277363966,0.04511122637131803
Mouse_Brain_E13_S1,Method 2,641,0.1138044547028605,0.26868959805619713,0.25674283206339427,0.3329183935996022,0.26868959805619713,0.03873350878803478
Mouse_Brain_E13_S1,Method 2,1892,0.11321779824403003,0.2882230831063526,0.2765499008830945,0.35489741300756045,0.2882230831063526,0.04112007948401981
Mouse_Brain_E13_S1,Method 2,1173,0.09236779002235579,0.25986221643202373,0.24773942191940154,0.3208060685734244,0.25986221643202373,0.045053010920476845
Mouse_Brain_E13_S1,Method 2,69,0.09859104098695258,0.2594058023093113,0.24729539598661102,0.32083255620349416,0.2594058023093114,0.04124427756719656
Mouse_Brain_E13_S1,Method 2,2024,0.10818389220830603,0.28238171092721565,0.27065142068185477,0.34955135931991227,0.2823817109272157,0.04341755183713578
Mouse_Brain_E13_S1,Method 2,231,0.0856657909759094,0.23690515774242957,0.22442566956303722,0.2930647596591234,0.23690515774242957,0.03982863049436759
Mouse_Brain_E13_S1,Method 2,1971,0.09588752552322949,0.24830269934124993,0.23602776340473164,0.3079076107758926,0.2483026993412499,0.04188804419663712
Mouse_Brain_E13_S1,Method 2,2497,0.100437370063657,0.2615133018317984,0.24945268657871317,0.3241837721969129,0.26151330183179844,0.03793208729427705
Mouse_Brain_E13_S1,Method 2,338,0.10526692195565669,0.27592425621051436,0.26408784039862593,0.34146551817037385,0.2759242562105143,0.04109130867380349
Mouse_Brain_E13_S1,Method 2,3127,0.09419558178586582,0.2549558802672413,0.24276707496887776,0.31517991345430935,0.2549558802672413,0.04612945039418543
Mouse_Brain_E13_S1,Method 2,2001,0.11223568143021782,0.27316618578029006,0.2613007583748365,0.3389430172974694,0.27316618578029006,0.04184032584171809
Mouse_Brain_E13_S1,Method 2,2022,0.10312577557441722,0.27151563081335356,0.2595929558234021,0.33541426834484533,0.27151563081335356,0.04208679706963404
Mouse_Brain_E13_S1,Method 2,574,0.09553627809830119,0.26936123558278563,0.25738488778924334,0.33191513219097557,0.2693612355827857,0.0421298983096974
Mouse_Brain_E13_S1,Method 2,2428,0.1013645912905106,0.2771081699605924,0.2652301474618075,0.34049148200926915,0.2771081699605924,0.047213768963779386
Mouse_Brain_E13_S1,Method 2,999,0.09741807164485078,0.2718022129368094,0.25986244662507574,0.3346117676480123,0.2718022129368094,0.040839952194962226
Mouse_Brain_E13_S1,Method 2,1187,0.10497474270419425,0.2721241597794022,0.2602226045979937,0.33673360135511393,0.2721241597794022,0.04227383457469215
Mouse_Brain_E13_S1,Method 2,42,0.09932997023786402,0.25967826508274455,0.24754175130403594,0.3197779979955101,0.25967826508274455,0.03853374278564633
Mouse_Brain_E13_S1,Method 2,3999,0.10053611985870284,0.2696899800031274,0.25773466774492115,0.3330268854452781,0.2696899800031273,0.04994996293621751
Mouse_Brain_E13_S1,Method 3,13,0.1695321814034962,0.3940823426283236,0.3839843840311801,0.473308680804945,0.3940823426283236,0.012619807918959426
Mouse_Brain_E13_S1,Method 3,2560,0.16479178730867694,0.3767003902730991,0.3663773927163886,0.4569151881845052,0.3767003902730991,0.011108763529847743
Mouse_Brain_E13_S1,Method 3,641,0.17044081516193943,0.3659756455892548,0.3555395481644658,0.447449931873906,0.3659756455892548,0.00746534594609935
Mouse_Brain_E13_S1,Method 3,1892,0.16849554736113098,0.37367445010707,0.36327534455341365,0.45050758229193033,0.37367445010707,0.010703916842466792
Mouse_Brain_E13_S1,Method 3,1173,0.19249268374848255,0.40506176923403736,0.3951896907904936,0.4891541131148917,0.4050617692340373,0.010709542962607805
Mouse_Brain_E13_S1,Method 3,69,0.18409262274086174,0.3883500375941762,0.37829764895958956,0.47604231411317727,0.38835003759417625,0.008944449264102724
Mouse_Brain_E13_S1,Method 3,2024,0.20541520964746118,0.41546769958912855,0.405591037600924,0.4879434584207322,0.41546769958912855,0.012809126258947725
Mouse_Brain_E13_S1,Method 3,231,0.20855229409072848,0.4114663274005928,0.40171933869762044,0.49833861154799936,0.41146632740059275,0.01090540811285132
Mouse_Brain_E13_S1,Method 3,1971,0.18493267787125817,0.3766520755964429,0.36639112446159156,0.46068828857921595,0.376652075596443,0.009969453344465645
Mouse_Brain_E13_S1,Method 3,2497,0.25132081166790576,0.4360290918731581,0.4266913664619597,0.527228032900704,0.436029091873158,0.010130569945107654
Mouse_Brain_E13_S1,Method 3,338,0.20159732050634185,0.40872768241188234,0.39888700983826775,0.49213783337123096,0.40872768241188234,0.011951626525739998
Mouse_Brain_E13_S1,Method 3,3127,0.203665754860261,0.39205667019683826,0.3819553161267046,0.4721053791635818,0.39205667019683826,0.011128968312049922
Mouse_Brain_E13_S1,Method 3,2001,0.21636157723987556,0.42775954603625227,0.41826525331174613,0.5169796873209301,0.42775954603625227,0.0116459271313006
Mouse_Brain_E13_S1,Method 3,2022,0.15437374960390135,0.3558096022195052,0.34519448507708905,0.43504381483182086,0.3558096022195052,0.010806969218876854
Mouse_Brain_E13_S1,Method 3,574,0.2063760179396931,0.4063098982970664,0.39651654647502377,0.4945169524349362,0.4063098982970663,0.009634652728158994
Mouse_Brain_E13_S1,Method 3,2428,0.18792558278281285,0.3939483955388532,0.3839651659556176,0.4804337193137009,0.3939483955388532,0.008452722924947259
Mouse_Brain_E13_S1,Method 3,999,0.15982415359507407,0.3730389347241087,0.36270862979983026,0.455884582539637,0.3730389347241087,0.010926745642464649
Mouse_Brain_E13_S1,Method 3,1187,0.17041836544485725,0.37951477538835565,0.36930676642586996,0.46475618922482925,0.3795147753883556,0.007561044563467879
Mouse_Brain_E13_S1,Method 3,42,0.167265547360938,0.3703028559229928,0.35989070446848453,0.44959473220664126,0.3703028559229928,0.009267626102776873
Mouse_Brain_E13_S1,Method 3,3999,0.16142164283506297,0.373138318230103,0.36264026708776764,0.4451223464283667,0.37313831823010296,0.010211336701422574
Mouse_Brain_E15_S1,Method 1,13,0.397355631773919,0.5574014529954031,0.5509785107222863,0.5963495529294246,0.5574014529954032,0.07714112626429868
Mouse_Brain_E15_S1,Method 1,2560,0.3456278303425714,0.5349995625981355,0.5282576973861965,0.5725164660832389,0.5349995625981356,0.07505917608511406
Mouse_Brain_E15_S1,Method 1,641,0.3969506437267163,0.5521445341006713,0.5456276112929809,0.5894411274741993,0.5521445341006715,0.07923272798294553
Mouse_Brain_E15_S1,Method 1,1892,0.36498548530708635,0.5272977242037629,0.5204143091342234,0.5625278919763518,0.5272977242037629,0.07643623182346887
Mouse_Brain_E15_S1,Method 1,1173,0.3769709484004971,0.5396089211562238,0.5329265920874711,0.5769839667824734,0.5396089211562237,0.07261010530124709
Mouse_Brain_E15_S1,Method 1,69,0.34004506494393344,0.5408032793117336,0.5341501588155386,0.5793380348809432,0.5408032793117334,0.07685606352629243
Mouse_Brain_E15_S1,Method 1,2024,0.36651271222083737,0.528267288811694,0.5213638306931627,0.5614601195837239,0.5282672888116939,0.087262069743662
Mouse_Brain_E15_S1,Method 1,231,0.34947247304783197,0.5067747933109449,0.49969287721654393,0.5464379916913713,0.506774793310945,0.08816616208919498
Mouse_Brain_E15_S1,Method 1,1971,0.39103782978414253,0.5330511809155484,0.5262804337375746,0.5706090557950365,0.5330511809155484,0.08035920040228349
Mouse_Brain_E15_S1,Method 1,2497,0.3550357313113616,0.5272271281968889,0.5202435422362625,0.5560861208544904,0.527227128196889,0.08907438114554259
Mouse_Brain_E15_S1,Method 1,338,0.38489510472494565,0.537994531843851,0.5312365978590418,0.5720880733417364,0.5379945318438509,0.0734039390326986
Mouse_Brain_E15_S1,Method 1,3127,0.40475000193145694,0.5400506366045812,0.5333639239730837,0.576690525757721,0.5400506366045811,0.07844741356357912
Mouse_Brain_E15_S1,Method 1,2001,0.3294436934843904,0.5117290777155189,0.5047215440800102,0.5519505393518023,0.5117290777155189,0.07467360038157407
Mouse_Brain_E15_S1,Method 1,2022,0.35852234830282115,0.5376275639804776,0.5309413642370018,0.5769112957656565,0.5376275639804776,0.08197817219829365
Mouse_Brain_E15_S1,Method 1,574,0.38758763136957797,0.5407338182563021,0.5340471180675701,0.5768176746871655,0.5407338182563021,0.07576635774476186
Mouse_Brain_E15_S1,Method 1,2428,0.3908509394683116,0.5384369305423663,0.5316722835212194,0.571629235997237,0.5384369305423663,0.0754801710819751
Mouse_Brain_E15_S1,Method 1,999,0.3662784460292399,0.5349896191275104,0.5282376375852335,0.572252763430702,0.5349896191275105,0.07372375563890712
Mouse_Brain_E15_S1,Method 1,1187,0.37313772759517216,0.5270839828076217,0.5202264837589868,0.5642795606712779,0.5270839828076217,0.08519338816614261
Mouse_Brain_E15_S1,Method 1,42,0.4045955170683603,0.5401371786968716,0.5333661253282242,0.571038251826628,0.5401371786968715,0.07777464987860584
Mouse_Brain_E15_S1,Method 1,3999,0.37668881488571737,0.5471847313685346,0.5405795342506966,0.5829469775716096,0.5471847313685347,0.08672930705109211
Mouse_Brain_E15_S1,Method 2,13,0.3164840283763979,0.5136673722788169,0.5065924809377145,0.5486057608135417,0.5136673722788168,0.07947433732109857
Mouse_Brain_E15_S1,Method 2,2560,0.40636444746964484,0.5525127428728843,0.5459803523678566,0.5880661022289356,0.5525127428728843,0.08857680472069886
Mouse_Brain_E15_S1,Method 2,641,0.32877757276249986,0.5305566517043003,0.5238106539788278,0.5720799335846912,0.5305566517043003,0.07563599866325581
Mouse_Brain_E15_S1,Method 2,1892,0.35827862184430437,0.5414830432555898,0.5346656817696249,0.5680364137806387,0.5414830432555897,0.09327339369253172
Mouse_Brain_E15_S1,Method 2,1173,0.36534095423483914,0.5300542299295957,0.5232567644630783,0.5685939152236236,0.5300542299295957,0.08153992220755353
Mouse_Brain_E15_S1,Method 2,69,0.3878771093868768,0.5460356094864636,0.5394235752114667,0.5826880356209175,0.5460356094864637,0.07910253222164339
Mouse_Brain_E15_S1,Method 2,2024,0.3917230380593576,0.53427258142299,0.5274422655979587,0.5667709586520251,0.53427258142299,0.07195661121180506
Mouse_Brain_E15_S1,Method 2,231,0.4447366725903293,0.5414396005535344,0.5347330726080186,0.5752723460055685,0.5414396005535345,0.07604105094627528
Mouse_Brain_E15_S1,Method 2,1971,0.3193034292371729,0.5098447655766083,0.5026802937504765,0.5423178296534341,0.5098447655766083,0.09938817760928896
Mouse_Brain_E15_S1,Method 2,2497,0.39213716230061263,0.5654347905706396,0.5590793396205987,0.600915930358841,0.5654347905706396,0.09060989091260668
Mouse_Brain_E15_S1,Method 2,338,0.40719301178165257,0.5516103108695765,0.5451088325800705,0.590429063578943,0.5516103108695767,0.08113705027557482
Mouse_Brain_E15_S1,Method 2,3127,0.40739796877468115,0.5328274807916673,0.5259465357945811,0.5632060717039804,0.5328274807916673,0.08212831160975738
Mouse_Brain_E15_S1,Method 2,2001,0.32075148982301804,0.5235537755620152,0.5166963188870412,0.5635826959136782,0.5235537755620151,0.08627223341640275
Mouse_Brain_E15_S1,Method 2,2022,0.3873044832217838,0.5502737645064234,0.5437134340725661,0.5862663614240565,0.5502737645064234,0.08050575318255702
Mouse_Brain_E15_S1,Method 2,574,0.3973871895305341,0.5541875466942634,0.5476836118832082,0.5906388522492924,0.5541875466942635,0.08122262091807926
Mouse_Brain_E15_S1,Method 2,2428,0.3720481523220351,0.5447169573553937,0.5380256900090237,0.5766764273192542,0.5447169573553937,0.09186468735351133
Mouse_Brain_E15_S1,Method 2,999,0.3671464942698274,0.5139566340000898,0.5068992490244922,0.5494638029668147,0.5139566340000898,0.09451623948264629
Mouse_Brain_E15_S1,Method 2,1187,0.33905489782636067,0.5390882420998419,0.5324771316640712,0.5820191611768639,0.5390882420998417,0.08133539530857463
Mouse_Brain_E15_S1,Method 2,42,0.3865408603079773,0.5342696333888373,0.5273896895913877,0.5639089441727013,0.5342696333888374,0.07693646217663792
Mouse_Brain_E15_S1,Method 2,3999,0.3812814975249968,0.5432549581894278,0.5366119084898827,0.5803480547669507,0.5432549581894277,0.08767312362375745
Mouse_Brain_E15_S1,Method 3,13,0.39461034639887516,0.5606380961163673,0.5541192793889386,0.5895530396800496,0.5606380961163673,0.023637815563465725
Mouse_Brain_E15_S1,Method 3,2560,0.4026588764308249,0.568568887213862,0.5619839447925133,0.5838325912182375,0.5685688872138619,0.027061138493667997
Mouse_Brain_E15_S1,Method 3,641,0.4688325370442311,0.5746346586638259,0.5680596678191691,0.5836821377223635,0.5746346586638259,0.02496973181339464
Mouse_Brain_E15_S1,Method 3,1892,0.42230280536227593,0.5747861159193296,0.5684459115061953,0.6015426001637897,0.5747861159193296,0.02379299411770604
Mouse_Brain_E15_S1,Method 3,1173,0.3343264194653138,0.557623814719143,0.5511125607031436,0.5899853973321868,0.557623814719143,0.02486569729381895
Mouse_Brain_E15_S1,Method 3,69,0.41165313989553315,0.5694553454943982,0.5631080082710356,0.601662532291185,0.5694553454943984,0.02400772019853528
Mouse_Brain_E15_S1,Method 3,2024,0.3762088140024116,0.5521027317020664,0.5454577210623034,0.5799174559131485,0.5521027317020664,0.026641580743789136
Mouse_Brain_E15_S1,Method 3,231,0.40509522421997096,0.5797843230236333,0.5736304542021248,0.6160434628631005,0.5797843230236333,0.023851731559751333
Mouse_Brain_E15_S1,Method 3,1971,0.4195486342035072,0.5592423153023266,0.5525547788614188,0.5776562995036202,0.5592423153023266,0.023205025575848
Mouse_Brain_E15_S1,Method 3,2497,0.39219805059202484,0.570482489894639,0.5638050634354999,0.5770346660338448,0.5704824898946389,0.02411231456620656
Mouse_Brain_E15_S1,Method 3,338,0.42361236331627283,0.5802778917811316,0.5740818903645731,0.6118593428241317,0.5802778917811318,0.021845762883897696
Mouse_Brain_E15_S1,Method 3,3127,0.3823654106077754,0.5689257463552266,0.5626175530870212,0.6048989946808946,0.5689257463552265,0.024138892347156403
Mouse_Brain_E15_S1,Method 3,2001,0.4876144899110787,0.577032375871045,0.570721673886133,0.6034012533068788,0.5770323758710448,0.023939238750018955
Mouse_Brain_E15_S1,Method 3,2022,0.48791817137165866,0.5746711305656346,0.5681668517690035,0.5886479439529237,0.5746711305656346,0.02374541154720969
Mouse_Brain_E15_S1,Method 3,574,0.37898924094160064,0.5509491775534064,0.5442985199805186,0.5799202386093859,0.5509491775534064,0.02345339242016441
Mouse_Brain_E15_S1,Method 3,2428,0.40500871206355726,0.5537666292304081,0.5471207231432954,0.579791886732542,0.5537666292304082,0.025703647735651643
Mouse_Brain_E15_S1,Method 3,999,0.40610822292680415,0.5577768315245032,0.5512039875791708,0.5856976954288762,0.5577768315245032,0.02517456633704876
Mouse_Brain_E15_S1,Method 3,1187,0.40865565459969216,0.5544460913049037,0.5477835198256072,0.5782000979155287,0.5544460913049037,0.0255139629926405
Mouse_Brain_E15_S1,Method 3,42,0.40504420400333735,0.5594480398508057,0.5529496502444229,0.5909980691523468,0.5594480398508057,0.024881781232965354
Mouse_Brain_E15_S1,Method 3,3999,0.39382870294207484,0.5615417810897131,0.5551176482475861,0.5962429601247347,0.5615417810897131,0.024522498065389985
Mouse_Brain_E18_S1,Method 1,13,0.25976977001525253,0.48251442663787214,0.4733804784008854,0.5375261941717773,0.48251442663787225,0.061709431211589914
Mouse_Brain_E18_S1,Method 1,2560,0.26680949275101595,0.47477161945018986,0.4654961030947916,0.5285047834077053,0.47477161945018986,0.06035316096536857
Mouse_Brain_E18_S1,Method 1,641,0.2332239132180788,0.44965659454896906,0.4399579581327947,0.5023642282528042,0.44965659454896906,0.054732115220276996
Mouse_Brain_E18_S1,Method 1,1892,0.24629850629826913,0.4661324314113911,0.45671442731433076,0.5193828613881557,0.46613243141139105,0.06221168114799431
Mouse_Brain_E18_S1,Method 1,1173,0.24932516044221315,0.47773280490198616,0.4685149027964722,0.5324060771832342,0.4777328049019861,0.061518651312617224
Mouse_Brain_E18_S1,Method 1,69,0.25587423437364465,0.46668066676065517,0.457249399162198,0.5182790024487349,0.4666806667606551,0.06704882046275272
Mouse_Brain_E18_S1,Method 1,2024,0.23949319807347638,0.4617150088254241,0.4522441630508318,0.5167320924987606,0.46171500882542416,0.05817804305787988
Mouse_Brain_E18_S1,Method 1,231,0.25316158837129016,0.47027847072303924,0.46090648687638036,0.5221994335959262,0.4702784707230393,0.06442520932203037
Mouse_Brain_E18_S1,Method 1,1971,0.2400285889517526,0.4570552500227058,0.4474966470314728,0.5111035169225212,0.45705525002270575,0.06855408037526677
Mouse_Brain_E18_S1,Method 1,2497,0.26746416625246366,0.49137619466519505,0.4823795927264877,0.5452576475161909,0.491376194665195,0.06766149689497462
Mouse_Brain_E18_S1,Method 1,338,0.24270940068646035,0.4712890628241424,0.4619426660356225,0.5233592912963709,0.4712890628241424,0.05875629375780558
Mouse_Brain_E18_S1,Method 1,3127,0.24566680134281504,0.4519613811454625,0.44232450747074437,0.5062857896786912,0.45196138114546247,0.05050685486149092
Mouse_Brain_E18_S1,Method 1,2001,0.2544867402813942,0.4594446611019423,0.4499317536394135,0.5140524268862681,0.4594446611019423,0.0585726195110112
Mouse_Brain_E18_S1,Method 1,2022,0.23296376379164013,0.4512725192807304,0.44158594751972996,0.5026777920528271,0.45127251928073053,0.06296597942226762
Mouse_Brain_E18_S1,Method 1,574,0.24803592883081593,0.46622417778741165,0.45682883132295404,0.5213584278478666,0.4662241777874117,0.06295491820493739
Mouse_Brain_E18_S1,Method 1,2428,0.2629524803140472,0.4673900748690905,0.45793107467085253,0.5157541644608927,0.46739007486909057,0.06294495454850427
Mouse_Brain_E18_S1,Method 1,999,0.23983378497302638,0.4701844546751522,0.46081903116127615,0.5218184054366486,0.47018445467515213,0.06538957379906254
Mouse_Brain_E18_S1,Method 1,1187,0.26639412503956766,0.4707645906978794,0.4614075589938329,0.52356252466965,0.47076459069787946,0.06703367198361593
Mouse_Brain_E18_S1,Method 1,42,0.2367490955806943,0.4592411968375244,0.449723465489174,0.5137768763805024,0.4592411968375244,0.06047418793583297
Mouse_Brain_E18_S1,Method 1,3999,0.24672389055109956,0.4604838185059589,0.4509881114512475,0.5151602172233993,0.46048381850595893,0.06064929804105527
Mouse_Brain_E18_S1,Method 2,13,0.2707922670930118,0.47267417029083464,0.46334169720298657,0.5241900194268401,0.47267417029083464,0.06041735712275407
Mouse_Brain_E18_S1,Method 2,2560,0.24008751960004612,0.45691242089626405,0.44731549888307504,0.5081811499503563,0.45691242089626405,0.06393922001317631
Mouse_Brain_E18_S1,Method 2,641,0.2690736267294686,0.476650486595404,0.467410140865838,0.5306493849059492,0.476650486595404,0.028118973265491638
Mouse_Brain_E18_S1,Method 2,1892,0.23589264470448817,0.45896934005327694,0.4493904817699234,0.5091184599736668,0.45896934005327694,0.06780056325745396
Mouse_Brain_E18_S1,Method 2,1173,0.26898930032903184,0.4744035935062564,0.46512920271814456,0.5283015140768464,0.4744035935062563,0.06086362146328186
Mouse_Brain_E18_S1,Method 2,69,0.2444832666941412,0.4583079323850715,0.4487437586324618,0.5100886117834568,0.4583079323850715,0.07393670919843968
Mouse_Brain_E18_S1,Method 2,2024,0.25467069701803763,0.4635733164572189,0.45413020837928103,0.5186261038421796,0.4635733164572189,0.046946582455738364
Mouse_Brain_E18_S1,Method 2,231,0.29837849910709574,0.46506740769221216,0.4555854110494699,0.5155012362703862,0.4650674076922121,0.06028502169286463
Mouse_Brain_E18_S1,Method 2,1971,0.24112658789432564,0.4816779643549582,0.47255524637013624,0.5385736271790995,0.48167796435495813,0.05576314206640983
Mouse_Brain_E18_S1,Method 2,2497,0.24319504120242683,0.4758634932640546,0.46662965203543033,0.5316527657414495,0.4758634932640545,0.06106413296890241
Mouse_Brain_E18_S1,Method 2,338,0.2647030195455808,0.48346060882471975,0.47432301387630654,0.5367968396071896,0.4834606088247198,0.05862071215152738
Mouse_Brain_E18_S1,Method 2,3127,0.2626416280497963,0.47947899071344197,0.4702674817447525,0.5318205135406119,0.4794789907134419,0.058794634969018315
Mouse_Brain_E18_S1,Method 2,2001,0.23317634214792735,0.4610295790338636,0.4515294909932525,0.5146145919772707,0.46102957903386355,0.057395263569702454
Mouse_Brain_E18_S1,Method 2,2022,0.2687971909853197,0.483614776915183,0.4744746112485718,0.5363712176051978,0.483614776915183,0.05648675950703062
Mouse_Brain_E18_S1,Method 2,574,0.22847496231908032,0.4683633619839323,0.4589669569763425,0.5200349950276166,0.4683633619839323,0.060321380444398144
Mouse_Brain_E18_S1,Method 2,2428,0.254956670858876,0.4788583569054974,0.4696326184190172,0.5303155835415732,0.4788583569054974,0.05932724229715894
Mouse_Brain_E18_S1,Method 2,999,0.2748297275504449,0.48875558458606766,0.4797129848005557,0.5426595931282839,0.48875558458606766,0.061437444103390415
Mouse_Brain_E18_S1,Method 2,1187,0.27063410078109285,0.4641852182858324,0.45473290596834937,0.5171091946999957,0.46418521828583237,0.05728069889714051
Mouse_Brain_E18_S1,Method 2,42,0.270412925676431,0.4755841334079225,0.4663127889165131,0.5283803700513551,0.47558413340792244,0.06754425782141904
Mouse_Brain_E18_S1,Method 2,3999,0.2808836434588245,0.4859018129115572,0.47679676435547713,0.5384951971398189,0.4859018129115572,0.059749949051390056
Mouse_Brain_E18_S1,Method 3,13,0.3658512565650156,0.5674299189493002,0.5595980463049492,0.6113388602897427,0.5674299189493002,0.010638063030587777
Mouse_Brain_E18_S1,Method 3,2560,0.3201593958619094,0.5323999855895478,0.5239706613547678,0.5759474468626151,0.5323999855895478,0.010271759011031896
Mouse_Brain_E18_S1,Method 3,641,0.28065400138660807,0.5166664876999896,0.5080796548300073,0.5704408224502476,0.5166664876999897,0.009914697936535558
Mouse_Brain_E18_S1,Method 3,1892,0.3387712886205166,0.5523931503571434,0.5443501430678876,0.6006046388964592,0.5523931503571434,0.010493179051843302
Mouse_Brain_E18_S1,Method 3,1173,0.31935318601541357,0.5555122073424533,0.5475494739817394,0.6046135271834149,0.5555122073424533,0.010292430105882391
Mouse_Brain_E18_S1,Method 3,69,0.32265918008802463,0.5465953836964695,0.5385364884442663,0.6023338608253122,0.5465953836964694,0.009832616486118901
Mouse_Brain_E18_S1,Method 3,2024,0.34817484780224817,0.5535680642942676,0.5455660219727448,0.6039012400878788,0.5535680642942676,0.011675647411337066
Mouse_Brain_E18_S1,Method 3,231,0.35328316751683453,0.5528747546317164,0.5448307223889794,0.601115238514666,0.5528747546317164,0.010430595585490112
Mouse_Brain_E18_S1,Method 3,1971,0.2904372498840281,0.5308281079185109,0.5224291533827738,0.5805867795747092,0.5308281079185109,0.010253379696570978
Mouse_Brain_E18_S1,Method 3,2497,0.3781695641303127,0.5782928543140992,0.5705946141146476,0.6169644271019472,0.578292854314099,0.007868649487809631
Mouse_Brain_E18_S1,Method 3,338,0.32141034752152947,0.5481765325356835,0.5400611086998137,0.5972819790349942,0.5481765325356835,0.010309901209490433
Mouse_Brain_E18_S1,Method 3,3127,0.34077287888048585,0.564361667376877,0.5566164448382607,0.6223720220466568,0.564361667376877,0.01127851808921716
Mouse_Brain_E18_S1,Method 3,2001,0.3515928677496461,0.5517123068451271,0.5436156306532318,0.5961100439767387,0.5517123068451271,0.008382144468528323
Mouse_Brain_E18_S1,Method 3,2022,0.31268969255561685,0.5518230167268302,0.5436739390838629,0.592407842259844,0.5518230167268302,0.00920900116827817
Mouse_Brain_E18_S1,Method 3,574,0.35457539715532654,0.5606057954178195,0.5526869232501872,0.6078631740858104,0.5606057954178195,0.009839849837387964
Mouse_Brain_E18_S1,Method 3,2428,0.2970259891868291,0.5314393752023814,0.5231065665203938,0.5862365276516491,0.5314393752023814,0.011153563262940265
Mouse_Brain_E18_S1,Method 3,999,0.33660726749578335,0.5830740011116937,0.5755983807836272,0.6348238680306653,0.5830740011116937,0.00990966298951822
Mouse_Brain_E18_S1,Method 3,1187,0.3959393009550464,0.5767641982511709,0.5691643336874395,0.6275246898850276,0.5767641982511709,0.011516755773016972
Mouse_Brain_E18_S1,Method 3,42,0.32551871133838295,0.5601740155841973,0.5523492408284406,0.6169926758688049,0.5601740155841973,0.012197289383019939
Mouse_Brain_E18_S1,Method 3,3999,0.43057132671531595,0.5567435537739378,0.5487674631189132,0.606005496739762,0.5567435537739378,0.012999239452004758
